{"cameraMode":{"drawMode":0,"name":"Shaded","section":"Shading Mode"},"sceneLighting":false,"audioPlay":false,"sceneViewState":{"showFog":true,"showMaterialUpdate":false,"showSkybox":false,"showFlares":true,"showImageEffects":true,"showParticleSystems":true},"in2DMode":false,"pivot":{"x":0.1781519055366516,"y":2.9412927627563478,"z":0.7888967990875244},"rotation":{"x":-0.08039691299200058,"y":0.4934169352054596,"z":0.045869048684835437,"w":0.8648921847343445},"size":1.7475303411483765,"orthographic":false}