{"cameraMode":{"drawMode":0,"name":"Shaded","section":"Shading Mode"},"sceneLighting":false,"audioPlay":false,"sceneViewState":{"showFog":true,"showMaterialUpdate":false,"showSkybox":false,"showFlares":true,"showImageEffects":true,"showParticleSystems":true},"in2DMode":false,"pivot":{"x":-5.960464477539063e-8,"y":1.4352039098739625,"z":-0.04502218961715698},"rotation":{"x":0.09000780433416367,"y":0.44567883014678957,"z":-0.045027874410152438,"w":0.8895731568336487},"size":2.9660253524780275,"orthographic":false}