{"cameraMode":{"drawMode":0,"name":"Shaded","section":"Shading Mode"},"sceneLighting":false,"audioPlay":false,"sceneViewState":{"showFog":true,"showMaterialUpdate":false,"showSkybox":false,"showFlares":true,"showImageEffects":true,"showParticleSystems":true},"in2DMode":false,"pivot":{"x":-1.0252313613891602,"y":-0.32874631881713869,"z":0.17917197942733766},"rotation":{"x":0.3334634006023407,"y":0.5601254105567932,"z":-0.26256048679351809,"w":0.7114758491516113},"size":1.3094546794891358,"orthographic":false}