{"cameraMode":{"drawMode":0,"name":"Shaded","section":"Shading Mode"},"sceneLighting":true,"audioPlay":false,"sceneViewState":{"showFog":true,"showMaterialUpdate":false,"showSkybox":true,"showFlares":true,"showImageEffects":true,"showParticleSystems":true},"in2DMode":false,"pivot":{"x":71.03434753417969,"y":2.283433675765991,"z":-140.2978515625},"rotation":{"x":0.20930789411067964,"y":-0.14659324288368226,"z":0.03176666796207428,"w":0.9663271903991699},"size":13.124139785766602,"orthographic":false}