{"cameraMode":{"drawMode":0,"name":"Shaded","section":"Shading Mode"},"sceneLighting":true,"audioPlay":false,"sceneViewState":{"showFog":true,"showMaterialUpdate":false,"showSkybox":true,"showFlares":true,"showImageEffects":true,"showParticleSystems":true},"in2DMode":false,"pivot":{"x":57.647884368896487,"y":-0.8665404319763184,"z":-18.08256721496582},"rotation":{"x":0.292477548122406,"y":0.32728883624076846,"z":-0.10731405019760132,"w":0.8921152949333191},"size":12.143857955932618,"orthographic":false}