{"cameraMode":{"drawMode":0,"name":"Shaded","section":"Shading Mode"},"sceneLighting":false,"audioPlay":false,"sceneViewState":{"showFog":true,"showMaterialUpdate":false,"showSkybox":false,"showFlares":true,"showImageEffects":true,"showParticleSystems":true},"in2DMode":false,"pivot":{"x":-0.4506239891052246,"y":0.7986682057380676,"z":0.812145471572876},"rotation":{"x":0.3334634006023407,"y":0.5601254105567932,"z":-0.26256048679351809,"w":0.7114758491516113},"size":3.278958559036255,"orthographic":false}