{"cameraMode":{"drawMode":0,"name":"Shaded","section":"Shading Mode"},"sceneLighting":true,"audioPlay":false,"sceneViewState":{"showFog":true,"showMaterialUpdate":false,"showSkybox":true,"showFlares":true,"showImageEffects":true,"showParticleSystems":true},"in2DMode":false,"pivot":{"x":98.99658203125,"y":7.5401506423950199,"z":-124.74969482421875},"rotation":{"x":0.10879433900117874,"y":-0.8782920241355896,"z":0.23910672962665559,"w":0.39952895045280459},"size":6.552433967590332,"orthographic":false}