{"cameraMode":{"drawMode":0,"name":"Shaded","section":"Shading Mode"},"sceneLighting":true,"audioPlay":false,"sceneViewState":{"showFog":true,"showMaterialUpdate":false,"showSkybox":true,"showFlares":true,"showImageEffects":true,"showParticleSystems":true},"in2DMode":false,"pivot":{"x":94.04021453857422,"y":1.9104613065719605,"z":-131.79177856445313},"rotation":{"x":0.22027115523815156,"y":0.043333832174539569,"z":-0.009804882109165192,"w":0.9744591116905212},"size":8.066222190856934,"orthographic":false}