{"cameraMode":{"drawMode":0,"name":"Shaded","section":"Shading Mode"},"sceneLighting":false,"audioPlay":false,"sceneViewState":{"showFog":true,"showMaterialUpdate":false,"showSkybox":false,"showFlares":true,"showImageEffects":true,"showParticleSystems":true},"in2DMode":false,"pivot":{"x":-0.1410529911518097,"y":0.7617340087890625,"z":-6.460224151611328},"rotation":{"x":-0.08466760069131851,"y":0.8378618955612183,"z":-0.1359090656042099,"w":-0.5219739079475403},"size":8.872814178466797,"orthographic":false}