{"cameraMode":{"drawMode":0,"name":"Shaded","section":"Shading Mode"},"sceneLighting":true,"audioPlay":false,"sceneViewState":{"showFog":true,"showMaterialUpdate":false,"showSkybox":true,"showFlares":true,"showImageEffects":true,"showParticleSystems":true},"in2DMode":false,"pivot":{"x":100.60021209716797,"y":8.567277908325196,"z":-142.80397033691407},"rotation":{"x":-0.2366057187318802,"y":0.30883073806762698,"z":-0.07961773872375488,"w":-0.9177746176719666},"size":7.861607551574707,"orthographic":false}