{"cameraMode":{"drawMode":0,"name":"Shaded","section":"Shading Mode"},"sceneLighting":true,"audioPlay":false,"sceneViewState":{"showFog":true,"showMaterialUpdate":false,"showSkybox":true,"showFlares":true,"showImageEffects":true,"showParticleSystems":true},"in2DMode":false,"pivot":{"x":93.44418334960938,"y":15.315508842468262,"z":-138.9752197265625},"rotation":{"x":-0.2309981733560562,"y":-0.6692003011703491,"z":0.23169633746147157,"w":-0.6671901345252991},"size":6.552433967590332,"orthographic":false}