{"cameraMode":{"drawMode":0,"name":"Shaded","section":"Shading Mode"},"sceneLighting":true,"audioPlay":false,"sceneViewState":{"showFog":true,"showMaterialUpdate":false,"showSkybox":true,"showFlares":true,"showImageEffects":true,"showParticleSystems":true},"in2DMode":false,"pivot":{"x":93.42391967773438,"y":6.388758182525635,"z":-135.87155151367188},"rotation":{"x":0.4173043966293335,"y":0.3398672342300415,"z":-0.17190825939178468,"w":0.825125515460968},"size":4.6120734214782719,"orthographic":false}