{"cameraMode":{"drawMode":0,"name":"Shaded","section":"Shading Mode"},"sceneLighting":false,"audioPlay":false,"sceneViewState":{"showFog":true,"showMaterialUpdate":false,"showSkybox":false,"showFlares":true,"showImageEffects":true,"showParticleSystems":true},"in2DMode":false,"pivot":{"x":0.017451707273721696,"y":-0.011539377272129059,"z":-0.007135666906833649},"rotation":{"x":0.2781628966331482,"y":0.048220325261354449,"z":-0.013992760330438614,"w":0.9592407941818237},"size":0.3738723397254944,"orthographic":false}