{"cameraMode":{"drawMode":0,"name":"Shaded","section":"Shading Mode"},"sceneLighting":true,"audioPlay":false,"sceneViewState":{"showFog":true,"showMaterialUpdate":false,"showSkybox":true,"showFlares":true,"showImageEffects":true,"showParticleSystems":true},"in2DMode":false,"pivot":{"x":141.686767578125,"y":-8.503131866455079,"z":-110.40904235839844},"rotation":{"x":0.14075572788715363,"y":-0.01710244081914425,"z":0.0023959707468748094,"w":0.9899163842201233},"size":42.08342742919922,"orthographic":false}