{"cameraMode":{"drawMode":0,"name":"Shaded","section":"Shading Mode"},"sceneLighting":false,"audioPlay":false,"sceneViewState":{"showFog":true,"showMaterialUpdate":false,"showSkybox":false,"showFlares":true,"showImageEffects":true,"showParticleSystems":true},"in2DMode":false,"pivot":{"x":0.4897685647010803,"y":-0.14598631858825684,"z":0.9571719765663147},"rotation":{"x":0.15438751876354218,"y":0.12337891757488251,"z":-0.01947180926799774,"w":0.9801061153411865},"size":1.3094546794891358,"orthographic":false}