{"cameraMode":{"drawMode":0,"name":"Shaded","section":"Shading Mode"},"sceneLighting":false,"audioPlay":false,"sceneViewState":{"showFog":true,"showMaterialUpdate":false,"showSkybox":false,"showFlares":true,"showImageEffects":true,"showParticleSystems":true},"in2DMode":false,"pivot":{"x":-0.8884201049804688,"y":0.11903500556945801,"z":1.0797576904296876},"rotation":{"x":0.04222972318530083,"y":0.005224394612014294,"z":-0.0002522208960726857,"w":0.999117910861969},"size":11.411661148071289,"orthographic":false}