{"cameraMode":{"drawMode":0,"name":"Shaded","section":"Shading Mode"},"sceneLighting":true,"audioPlay":false,"sceneViewState":{"showFog":true,"showMaterialUpdate":false,"showSkybox":true,"showFlares":true,"showImageEffects":true,"showParticleSystems":true},"in2DMode":false,"pivot":{"x":100.44444274902344,"y":2.5598597526550295,"z":-130.87547302246095},"rotation":{"x":0.4209131896495819,"y":-0.19539538025856019,"z":0.0933459922671318,"w":0.8809053897857666},"size":4.8046793937683109,"orthographic":false}